<code_scheme name="Default" version="173">
  <option name="RIGHT_MARGIN" value="150" />
  <Python>
    <option name="SPACE_AFTER_PY_COLON" value="false" />
    <option name="SPACE_AROUND_EQ_IN_NAMED_PARAMETER" value="true" />
    <option name="SPACE_AROUND_EQ_IN_KEYWORD_ARGUMENT" value="true" />
    <option name="NEW_LINE_AFTER_COLON" value="true" />
    <option name="SPACE_BEFORE_NUMBER_SIGN" value="false" />
    <option name="DICT_NEW_LINE_AFTER_LEFT_BRACE" value="true" />
    <option name="FROM_IMPORT_PARENTHESES_FORCE_IF_MULTILINE" value="true" />
  </Python>
  <codeStyleSettings language="EditorConfig">
    <option name="SPACE_BEFORE_COLON" value="true" />
    <option name="SPACE_AFTER_COLON" value="true" />
  </codeStyleSettings>
  <codeStyleSettings language="Python">
    <option name="RIGHT_MARGIN" value="110" />
    <option name="KEEP_BLANK_LINES_IN_DECLARATIONS" value="0" />
    <option name="KEEP_BLANK_LINES_IN_CODE" value="0" />
    <option name="BLANK_LINES_AFTER_IMPORTS" value="0" />
    <option name="BLANK_LINES_AROUND_CLASS" value="0" />
    <option name="BLANK_LINES_AROUND_METHOD" value="0" />
    <option name="WRAP_ON_TYPING" value="1" />
    <indentOptions>
      <option name="KEEP_INDENTS_ON_EMPTY_LINES" value="true" />
    </indentOptions>
  </codeStyleSettings>
</code_scheme>