<application>
  <component name="MaterialThemeConfig">
    <option name="highContrast" value="true" />
    <option name="highlightColorEnabled" value="true" />
    <option name="isHighlightColorEnabled" value="true" />
    <option name="isHighContrast" value="true" />
    <option name="isWizardShown" value="true" />
    <option name="overrideAccentColor" value="false" />
    <option name="pristineConfig" value="false" />
    <option name="leftTreeIndent" value="0" />
    <option name="rightTreeIndent" value="8" />
    <option name="settingsSelectedTab" value="2" />
    <option name="accentColor" value="ff9800" />
    <option name="selectedTheme" value="DARKER" />
    <option name="userId" value="4b63a341:16f40ca1594:-8000" />
    <option name="version" value="5.5.0" />
  </component>
</application>